date,units_sold,orders,revenue,avg_price,promotion,holiday,temperature,day_of_week
2024-07-01,110,71,12123.1,110.21,1,0,16.6,1
2024-07-02,105,69,11361,108.2,1,0,18.3,2
2024-07-03,111,69,12428.67,111.97,1,0,16.4,3
2024-07-04,116,73,12686.92,109.37,1,0,16.6,4
2024-07-05,91,58,10790.78,118.58,0,0,16,5
2024-07-06,106,67,12696.68,119.78,0,0,17.8,6
2024-07-07,98,64,11557.14,117.93,0,0,14.4,0
2024-07-08,107,65,11930.5,111.5,1,0,13.1,1
2024-07-09,77,50,9276.96,120.48,0,0,14.4,2
2024-07-10,72,47,8590.32,119.31,0,0,19.3,3
2024-07-11,74,47,9156.02,123.73,0,0,16.3,4
2024-07-12,134,86,14753.4,110.1,1,0,16.7,5
2024-07-13,97,56,11416.9,117.7,0,0,18.2,6
2024-07-14,96,55,11694.72,121.82,0,0,19.5,0
2024-07-15,66,42,7879.74,119.39,0,0,17.9,1
2024-07-16,65,42,7746.7,119.18,0,0,16.9,2
2024-07-17,117,73,12733.11,108.83,1,0,23.9,3
2024-07-18,90,59,10655.1,118.39,0,0,18.4,4
2024-07-19,88,58,10233.52,116.29,0,0,17.8,5
2024-07-20,115,71,13353.8,116.12,0,0,17.4,6
2024-07-21,102,65,12059.46,118.23,0,0,19.1,0
2024-07-22,78,51,9026.94,115.73,0,0,20.1,1
2024-07-23,77,49,8881.18,115.34,0,0,19,2
2024-07-24,85,51,10086.1,118.66,0,0,19.6,3
2024-07-25,87,58,9814.47,112.81,0,0,20.6,4
2024-07-26,99,65,11401.83,115.17,0,0,16.8,5
2024-07-27,115,75,13220.4,114.96,0,0,17.8,6
2024-07-28,145,93,15375.8,106.04,1,0,20.2,0
2024-07-29,81,55,9266.4,114.4,0,0,15.4,1
2024-07-30,86,57,10045.66,116.81,0,0,19.1,2
2024-07-31,74,46,8867.42,119.83,0,0,16.8,3
2024-08-01,90,62,10461.6,116.24,0,0,21.4,4
2024-08-02,94,60,11240.52,119.58,0,0,20.4,5
2024-08-03,110,71,13083.4,118.94,0,0,20.6,6
2024-08-04,103,69,12324.98,119.66,0,0,19.2,0
2024-08-05,73,48,8860.01,121.37,0,0,23.5,1
2024-08-06,71,50,8769.92,123.52,0,0,19.8,2
2024-08-07,129,79,14295.78,110.82,1,0,18.2,3
2024-08-08,88,56,10638.32,120.89,0,0,20.4,4
2024-08-09,93,59,11091.18,119.26,0,0,16.9,5
2024-08-10,153,97,16845.3,110.1,1,0,20.3,6
2024-08-11,106,71,12775.12,120.52,0,0,20.6,0
2024-08-12,84,53,10027.08,119.37,0,0,21.5,1
2024-08-13,82,55,9821.14,119.77,0,0,25.4,2
2024-08-14,79,55,9378.09,118.71,0,0,21.1,3
2024-08-15,93,60,10949.82,117.74,0,0,20.6,4
2024-08-16,134,80,14888.74,111.11,1,0,21.7,5
2024-08-17,106,68,12564.18,118.53,0,0,22.4,6
2024-08-18,113,71,13230.04,117.08,0,0,24.7,0
2024-08-19,91,58,10395.84,114.24,0,0,22.2,1
2024-08-20,71,45,8382.26,118.06,0,0,24.7,2
2024-08-21,98,60,10959.34,111.83,0,0,26,3
2024-08-22,99,66,11373.12,114.88,0,0,22,4
2024-08-23,104,69,12350,118.75,0,0,19.5,5
2024-08-24,143,93,16167.58,113.06,0,0,24.2,6
2024-08-25,121,76,13743.18,113.58,0,0,23.6,0
2024-08-26,124,82,13212.2,106.55,1,0,26.7,1
2024-08-27,138,90,14288.52,103.54,1,0,23.9,2
2024-08-28,130,84,14363.7,110.49,1,0,19.5,3
2024-08-29,149,96,16239.51,108.99,1,0,23.7,4
2024-08-30,108,69,12812.04,118.63,0,0,27.4,5
2024-08-31,126,81,14290.92,113.42,0,0,21.6,6
2024-09-01,124,82,14326.96,115.54,0,0,20.8,0
2024-09-02,91,62,10962.77,120.47,0,0,22,1
2024-09-03,90,56,10667.7,118.53,0,0,29.1,2
2024-09-04,85,54,10287.55,121.03,0,0,26.2,3
2024-09-05,94,58,11185.06,118.99,0,0,27.9,4
2024-09-06,111,66,13167.93,118.63,0,0,25.4,5
2024-09-07,136,88,16511.76,121.41,0,0,25.7,6
2024-09-08,163,104,18044.1,110.7,1,0,22.8,0
2024-09-09,80,51,9627.2,120.34,0,0,26.5,1
2024-09-10,80,54,9736.8,121.71,0,0,25.3,2
2024-09-11,90,57,10499.4,116.66,0,0,28.4,3
2024-09-12,90,55,10894.5,121.05,0,0,26.7,4
2024-09-13,102,69,12098.22,118.61,0,0,25.1,5
2024-09-14,121,80,14581.71,120.51,0,0,27.5,6
2024-09-15,124,78,14725,118.75,0,0,24.9,0
2024-09-16,100,62,11840,118.4,0,0,26,1
2024-09-17,99,61,11824.56,119.44,0,0,27.1,2
2024-09-18,105,65,11922.75,113.55,0,0,30.2,3
2024-09-19,107,67,12301.79,114.97,0,0,25.3,4
2024-09-20,104,68,12382.24,119.06,0,0,24.3,5
2024-09-21,130,83,14972.1,115.17,0,0,33.6,6
2024-09-22,120,76,14277.6,118.98,0,0,29.5,0
2024-09-23,101,63,11553.39,114.39,0,0,26.2,1
2024-09-24,136,89,14447.28,106.23,1,0,26,2
2024-09-25,102,66,11826.9,115.95,0,0,25.3,3
2024-09-26,107,69,11984,112,0,0,28.1,4
2024-09-27,153,99,16038.99,104.83,1,0,26.2,5
2024-09-28,139,90,15787.62,113.58,0,0,31.3,6
2024-09-29,119,73,14049.14,118.06,0,0,31.7,0
2024-09-30,95,57,10960.15,115.37,0,0,28.3,1
2024-10-01,96,57,11178.24,116.44,0,0,27.9,2
2024-10-02,134,86,15226.42,113.63,1,0,30.4,3
2024-10-03,104,64,12391.6,119.15,0,0,26.7,4
2024-10-04,105,71,12400.5,118.1,0,0,27.6,5
2024-10-05,146,92,17264.5,118.25,0,0,27.1,6
2024-10-06,135,88,16144.65,119.59,0,0,27.8,0
2024-10-07,79,50,9665.65,122.35,0,0,27.7,1
2024-10-08,98,62,11547.34,117.83,0,0,26.9,2
2024-10-09,92,59,11201.92,121.76,0,0,29.2,3
2024-10-10,105,69,12509.7,119.14,0,0,24.5,4
2024-10-11,118,78,14188.32,120.24,0,0,31.6,5
2024-10-12,137,89,16696.19,121.87,0,0,23.7,6
2024-10-13,127,80,15257.78,120.14,0,0,28,0
2024-10-14,90,60,10707.3,118.97,0,0,29.6,1
2024-10-15,101,65,12078.59,119.59,0,0,28.8,2
2024-10-16,105,63,12539.1,119.42,0,0,24.6,3
2024-10-17,104,68,12677.6,121.9,0,0,25.8,4
2024-10-18,154,101,16946.16,110.04,1,0,25.2,5
2024-10-19,148,93,17000.76,114.87,0,0,27,6
2024-10-20,118,72,13624.28,115.46,0,0,27.9,0
2024-10-21,136,87,14590.08,107.28,1,0,26.2,1
2024-10-22,147,94,15820.14,107.62,1,0,28.7,2
2024-10-23,147,95,15696.66,106.78,1,0,28.6,3
2024-10-24,157,100,16927.74,107.82,1,0,30.1,4
2024-10-25,124,78,14109.96,113.79,0,0,31.4,5
2024-10-26,145,89,16502.45,113.81,0,0,33.3,6
2024-10-27,132,85,15300.12,115.91,0,0,28.8,0
2024-10-28,99,67,11389.95,115.05,0,0,27.2,1
2024-10-29,94,61,10883.32,115.78,0,0,23.4,2
2024-10-30,116,75,13679.88,117.93,0,0,27.3,3
2024-10-31,105,71,12693.45,120.89,0,0,30.3,4
2024-11-01,116,76,13762.24,118.64,0,0,33.6,5
2024-11-02,132,85,16275.6,123.3,0,0,34.3,6
2024-11-03,173,110,18915.82,109.34,1,0,30,0
2024-11-04,131,84,14298.65,109.15,1,0,30.4,1
2024-11-05,96,63,11586.24,120.69,0,0,32.3,2
2024-11-06,103,64,12461.97,120.99,0,0,30.2,3
2024-11-07,112,73,13435.52,119.96,0,0,32.9,4
2024-11-08,112,71,13520.64,120.72,0,0,27.3,5
2024-11-09,176,112,19761.28,112.28,1,0,27,6
2024-11-10,173,109,19017.89,109.93,1,0,30.4,0
2024-11-11,89,56,10444.15,117.35,0,0,30,1
2024-11-12,88,56,10468.48,118.96,0,0,32.4,2
2024-11-13,102,66,12383.82,121.41,0,0,29.7,3
2024-11-14,109,66,12985.17,119.13,0,0,31.2,4
2024-11-15,119,75,14310.94,120.26,0,0,27,5
2024-11-16,148,98,17705.24,119.63,0,0,30.2,6
2024-11-17,172,108,18574.28,107.99,1,0,26.8,0
2024-11-18,106,69,12572.66,118.61,0,0,33.2,1
2024-11-19,103,67,12472.27,121.09,0,0,30.1,2
2024-11-20,112,69,12608.96,112.58,0,0,32.2,3
2024-11-21,118,76,14342.9,121.55,0,0,26,4
2024-11-22,115,73,13524,117.6,0,0,31.6,5
2024-11-23,181,114,18858.39,104.19,1,0,27.6,6
2024-11-24,176,115,18717.6,106.35,1,0,29.6,0
2024-11-25,137,90,14878.2,108.6,1,0,29.1,1
2024-11-26,139,86,15068.99,108.41,1,0,30.6,2
2024-11-27,159,102,16795.17,105.63,1,0,30.5,3
2024-11-28,150,93,15952.5,106.35,1,0,31.3,4
2024-11-29,164,103,17190.48,104.82,1,0,29.8,5
2024-11-30,174,110,18852.9,108.35,1,0,31.5,6
2024-12-01,139,88,16144.85,116.15,0,0,31.3,0
2024-12-02,89,55,10623.93,119.37,0,0,28.3,1
2024-12-03,108,70,12669.48,117.31,0,0,26.2,2
2024-12-04,103,67,12362.06,120.02,0,0,32.8,3
2024-12-05,117,78,13882.05,118.65,0,0,30.5,4
2024-12-06,110,71,13204.4,120.04,0,0,31.5,5
2024-12-07,135,85,16259.4,120.44,0,0,32.6,6
2024-12-08,135,88,16131.15,119.49,0,0,28.9,0
2024-12-09,92,60,11326.12,123.11,0,0,30.5,1
2024-12-10,105,69,12595.8,119.96,0,0,27,2
2024-12-11,109,70,13011.33,119.37,0,0,27.7,3
2024-12-12,104,62,12736.88,122.47,0,0,28.2,4
2024-12-13,119,75,14188.37,119.23,0,0,28.1,5
2024-12-14,149,96,17354.03,116.47,0,0,27.7,6
2024-12-15,134,85,15754.38,117.57,0,0,30.6,0
2024-12-16,136,88,15170.8,111.55,1,0,28.9,1
2024-12-17,150,97,16525.5,110.17,1,0,30.9,2
2024-12-18,147,93,15939.21,108.43,1,0,28.5,3
2024-12-19,151,96,16596.41,109.91,1,0,26.2,4
2024-12-20,139,84,16546.56,119.04,0,1,27.1,5
2024-12-21,163,105,19372.55,118.85,0,1,24.9,6
2024-12-22,155,99,18657.35,120.37,0,1,30.9,0
2024-12-23,126,78,14036.4,111.4,0,1,26.5,1
2024-12-24,123,78,14315.97,116.39,0,1,28.5,2
2024-12-25,123,80,14185.59,115.33,0,1,31,3
2024-12-26,135,84,15014.7,111.22,0,1,33.5,4
2024-12-27,142,89,16510.34,116.27,0,1,27,5
2024-12-28,178,114,20391.68,114.56,0,1,27.2,6
2024-12-29,160,102,18633.6,116.46,0,1,30.5,0
2024-12-30,123,77,14675.13,119.31,0,1,25.9,1
2024-12-31,125,79,14480,115.84,0,1,30.5,2
2025-01-01,134,84,15856.22,118.33,0,1,27.9,3
2025-01-02,134,83,15691.4,117.1,0,1,29.4,4
2025-01-03,141,88,16537.89,117.29,0,1,25.8,5
2025-01-04,127,79,15015.21,118.23,0,0,27.7,6
2025-01-05,166,111,18040.88,108.68,1,0,25.1,0
2025-01-06,88,52,10735.12,121.99,0,0,25.7,1
2025-01-07,99,66,12070.08,121.92,0,0,29.5,2
2025-01-08,94,57,11391.86,121.19,0,0,26.9,3
2025-01-09,109,64,13060.38,119.82,0,0,27.9,4
2025-01-10,111,72,13571.97,122.27,0,0,28,5
2025-01-11,136,86,16496.8,121.3,0,0,27.2,6
2025-01-12,131,83,15684.63,119.73,0,0,25,0
2025-01-13,87,57,10285.14,118.22,0,0,28.9,1
2025-01-14,85,55,10119.25,119.05,0,0,24.8,2
2025-01-15,146,98,16140.3,110.55,1,0,22.4,3
2025-01-16,90,60,11016,122.4,0,0,26.9,4
2025-01-17,113,73,13518.19,119.63,0,0,27.4,5
2025-01-18,138,86,16141.86,116.97,0,0,26,6
2025-01-19,119,78,14025.34,117.86,0,0,28.1,0
2025-01-20,83,55,10011.46,120.62,0,0,25.5,1
2025-01-21,99,63,11567.16,116.84,0,0,27.1,2
2025-01-22,149,94,15998.13,107.37,1,0,20.3,3
2025-01-23,106,69,12299.18,116.03,0,0,28,4
2025-01-24,152,97,16344.56,107.53,1,0,29.2,5
2025-01-25,137,87,15901.59,116.07,0,0,29,6
2025-01-26,129,84,15251.67,118.23,0,0,26.9,0
2025-01-27,106,72,12303.42,116.07,0,0,24.8,1
2025-01-28,102,64,11860.56,116.28,0,0,24.1,2
2025-01-29,102,67,11896.26,116.63,0,0,26.3,3
2025-01-30,107,72,12097.42,113.06,0,0,22.2,4
2025-01-31,114,73,13536.36,118.74,0,0,25.4,5
2025-02-01,129,83,15047.85,116.65,0,0,24.9,6
2025-02-02,124,81,14922.16,120.34,0,0,25.4,0
2025-02-03,129,80,14206.77,110.13,1,0,22.7,1
2025-02-04,98,62,11456.2,116.9,0,0,25.3,2
2025-02-05,102,65,12059.46,118.23,0,0,26.8,3
2025-02-06,96,62,11665.92,121.52,0,0,27,4
2025-02-07,106,68,12894.9,121.65,0,0,23.7,5
2025-02-08,133,85,15525.09,116.73,0,0,22.8,6
2025-02-09,127,79,15471.14,121.82,0,0,22.8,0
2025-02-10,129,81,14250.63,110.47,1,0,21.8,1
2025-02-11,129,82,14476.38,112.22,1,0,27.1,2
2025-02-12,132,84,14890.92,112.81,1,0,22.5,3
2025-02-13,137,89,15127.54,110.42,1,0,16.9,4
2025-02-14,102,64,12152.28,119.14,0,0,23.2,5
2025-02-15,129,82,15362.61,119.09,0,0,25.7,6
2025-02-16,118,78,13573.54,115.03,0,0,20,0
2025-02-17,87,55,10327.77,118.71,0,0,24.4,1
2025-02-18,95,59,11034.25,116.15,0,0,21.3,2
2025-02-19,96,59,10997.76,114.56,0,0,22.4,3
2025-02-20,95,61,11261.3,118.54,0,0,21.2,4
2025-02-21,153,99,15988.5,104.5,1,0,24.2,5
2025-02-22,131,87,14704.75,112.25,0,0,23.4,6
2025-02-23,121,77,14176.36,117.16,0,0,18,0
2025-02-24,126,83,13645.8,108.3,1,0,24.3,1
2025-02-25,85,54,9884.65,116.29,0,0,21.7,2
2025-02-26,87,60,10319.94,118.62,0,0,20.1,3
2025-02-27,94,57,10699.08,113.82,0,0,22.4,4
2025-02-28,109,71,12531.73,114.97,0,0,20.5,5
2025-03-01,125,84,14640,117.12,0,0,22.2,6
2025-03-02,150,94,16455,109.7,1,0,23.4,0
2025-03-03,85,56,9765.65,114.89,0,0,17.9,1
2025-03-04,97,60,11093.89,114.37,0,0,18.4,2
2025-03-05,82,54,9554.64,116.52,0,0,12.1,3
2025-03-06,141,95,15278.76,108.36,1,0,20.7,4
2025-03-07,111,77,12989.22,117.02,0,0,19.5,5
2025-03-08,119,75,14075.32,118.28,0,0,14.4,6
2025-03-09,100,64,11983,119.83,0,0,20.9,0
2025-03-10,83,52,9979.92,120.24,0,0,15.6,1
2025-03-11,90,54,10734.3,119.27,0,0,16.5,2
2025-03-12,92,60,11071.28,120.34,0,0,18.6,3
2025-03-13,92,61,11140.28,121.09,0,0,19.9,4
2025-03-14,104,65,12597.52,121.13,0,0,19.7,5
2025-03-15,111,74,13653,123,0,0,22,6
2025-03-16,112,66,13360.48,119.29,0,0,21.6,0
2025-03-17,88,55,10372.56,117.87,0,0,17.5,1
2025-03-18,73,48,8782.63,120.31,0,0,17.2,2
2025-03-19,90,61,10458,116.2,0,0,16.8,3
2025-03-20,89,55,10479.75,117.75,0,0,15.4,4
2025-03-21,135,90,14165.55,104.93,1,0,19,5
2025-03-22,160,105,16816,105.1,1,0,13.1,6
2025-03-23,105,68,12677.7,120.74,0,0,19.3,0
2025-03-24,85,50,9775.85,115.01,0,0,17.2,1
2025-03-25,93,60,10690.35,114.95,0,0,21.2,2
2025-03-26,90,59,10438.2,115.98,0,0,18.7,3
2025-03-27,85,53,10031.7,118.02,0,0,15.5,4
2025-03-28,106,68,12479.38,117.73,0,0,17.3,5
2025-03-29,114,75,13356.24,117.16,0,0,17,6
2025-03-30,115,75,13499.85,117.39,0,0,15.7,0
2025-03-31,79,51,9275.39,117.41,0,0,15.9,1
2025-04-01,85,52,9583.75,112.75,0,0,20.1,2
2025-04-02,88,55,10133.2,115.15,0,0,15.9,3
2025-04-03,93,62,10947.03,117.71,0,0,14.6,4
2025-04-04,95,59,11309.75,119.05,0,0,15.9,5
2025-04-05,153,98,16398.54,107.18,1,0,22.1,6
2025-04-06,115,73,13851.75,120.45,0,0,11.8,0
2025-04-07,144,90,15660,108.75,1,1,15.4,1
2025-04-08,134,84,15196.94,113.41,1,1,18.8,2
2025-04-09,157,103,17248.02,109.86,1,1,15.2,3
2025-04-10,147,94,16246.44,110.52,1,1,14,4
2025-04-11,94,64,11408.78,121.37,0,0,18.4,5
2025-04-12,109,68,13314.35,122.15,0,0,14.3,6
2025-04-13,100,63,11972,119.72,0,0,14.7,0
2025-04-14,80,53,9631.2,120.39,0,0,11.4,1
2025-04-15,76,47,9000.68,118.43,0,0,18.9,2
2025-04-16,84,53,10038.84,119.51,0,0,14.5,3
2025-04-17,82,53,9868.7,120.35,0,0,16.3,4
2025-04-18,94,61,10969.8,116.7,0,0,19.6,5
2025-04-19,116,75,13595.2,117.2,0,0,18.3,6
2025-04-20,107,69,12559.66,117.38,0,0,14.2,0
2025-04-21,74,48,8390.86,113.39,0,0,16.3,1
2025-04-22,74,47,8750.5,118.25,0,0,19.2,2
2025-04-23,82,56,9729.3,118.65,0,0,14.6,3
2025-04-24,92,56,10700.52,116.31,0,0,11.8,4
2025-04-25,99,62,11548.35,116.65,0,0,12.4,5
2025-04-26,105,68,11987.85,114.17,0,0,14.8,6
2025-04-27,106,66,12414.72,117.12,0,0,13.6,0
2025-04-28,76,52,8608.52,113.27,0,0,12.2,1
2025-04-29,85,56,10011.3,117.78,0,0,13.5,2
2025-04-30,82,52,9484.12,115.66,0,0,17.6,3
2025-05-01,85,55,9563.35,112.51,0,0,14.2,4
2025-05-02,88,60,10173.68,115.61,0,0,10.1,5
2025-05-03,112,72,12883.36,115.03,0,0,12.6,6
2025-05-04,102,67,12068.64,118.32,0,0,14.6,0
2025-05-05,81,54,9576.63,118.23,0,0,14.2,1
2025-05-06,87,56,10434.78,119.94,0,0,14.8,2
2025-05-07,131,84,14592.09,111.39,1,0,11.6,3
2025-05-08,95,59,11027.6,116.08,0,0,16.1,4
2025-05-09,86,56,10278.72,119.52,0,0,14.3,5
2025-05-10,106,67,12855.68,121.28,0,0,17.1,6
2025-05-11,99,68,11786.94,119.06,0,0,13.8,0
2025-05-12,82,57,9871.16,120.38,0,0,15.7,1
2025-05-13,85,52,10354.7,121.82,0,0,12.5,2
2025-05-14,85,52,10171.1,119.66,0,0,13.7,3
2025-05-15,87,56,10627.05,122.15,0,0,11.8,4
2025-05-16,81,54,9710.28,119.88,0,0,13.7,5
2025-05-17,107,67,12713.74,118.82,0,0,17,6
2025-05-18,104,66,12344.8,118.7,0,0,14.5,0
2025-05-19,78,48,9274.98,118.91,0,0,14.7,1
2025-05-20,77,50,9119.88,118.44,0,0,13.1,2
2025-05-21,69,41,8455.95,122.55,0,0,14,3
2025-05-22,103,63,11816.16,114.72,0,0,13.5,4
2025-05-23,86,60,10030.18,116.63,0,0,13.2,5
2025-05-24,109,69,12647.27,116.03,0,0,11.7,6
2025-05-25,99,63,11677.05,117.95,0,0,12.8,0
2025-05-26,75,50,8742.75,116.57,0,0,14.8,1
2025-05-27,129,80,13817.19,107.11,1,0,12.6,2
2025-05-28,125,83,13610,108.88,1,0,15.9,3
2025-05-29,86,51,10215.94,118.79,0,0,11.9,4
2025-05-30,96,64,11078.4,115.4,0,0,14.8,5
2025-05-31,106,66,12475.14,117.69,0,0,14.7,6
2025-06-01,103,71,12082.93,117.31,0,0,9.9,0
2025-06-02,117,77,12313.08,105.24,1,0,14,1
2025-06-03,115,75,12325.7,107.18,1,0,16.5,2
2025-06-04,132,85,14130.6,107.05,1,0,13.9,3
2025-06-05,122,81,13160.14,107.87,1,0,13.2,4
2025-06-06,100,64,11912,119.12,0,0,18.5,5
2025-06-07,111,73,13230.09,119.19,0,0,15.3,6
2025-06-08,94,60,11186,119,0,0,15.9,0
2025-06-09,77,47,9060.59,117.67,0,0,8.9,1
2025-06-10,72,47,8832.24,122.67,0,0,16.4,2
2025-06-11,87,56,10280.79,118.17,0,0,19.3,3
2025-06-12,82,52,9825.24,119.82,0,0,13.5,4
2025-06-13,92,59,11133.84,121.02,0,0,16,5
2025-06-14,117,75,13845.78,118.34,0,0,14.3,6
2025-06-15,109,67,13173.74,120.86,0,0,14.8,0
2025-06-16,72,49,8769.6,121.8,0,0,18.2,1
2025-06-17,81,53,9753.21,120.41,0,0,15.1,2
2025-06-18,92,56,11046.44,120.07,0,0,20.8,3
2025-06-19,85,55,10175.35,119.71,0,0,9.1,4
2025-06-20,99,64,11593.89,117.11,0,0,18.9,5
2025-06-21,115,76,13358.4,116.16,0,0,15,6
2025-06-22,150,96,16564.5,110.43,1,0,17.3,0
2025-06-23,70,42,8238.3,117.69,0,0,14.2,1
2025-06-24,81,54,9581.49,118.29,0,0,17.6,2
2025-06-25,75,48,8913,118.84,0,0,13.9,3
2025-06-26,97,64,11148.21,114.93,0,0,17.9,4
2025-06-27,144,91,15215.04,105.66,1,0,15,5
2025-06-28,111,71,13054.71,117.61,0,0,13.3,6
2025-06-29,105,67,11943.75,113.75,0,0,15.6,0
2025-06-30,78,50,8865.48,113.66,0,0,15.4,1
2025-07-01,136,85,14146.72,104.02,1,0,20.8,2
2025-07-02,91,59,10503.22,115.42,0,0,20.9,3
2025-07-03,94,63,11153.1,118.65,0,0,20.6,4
2025-07-04,96,61,11024.64,114.84,0,0,14.1,5
2025-07-05,120,79,13996.8,116.64,0,0,19.4,6
2025-07-06,114,74,13493.04,118.36,0,0,18.9,0
2025-07-07,85,55,9999.4,117.64,0,0,15.5,1
2025-07-08,81,52,9994.59,123.39,0,0,14.9,2
2025-07-09,84,50,10185.84,121.26,0,0,20,3
2025-07-10,93,59,10731.27,115.39,0,0,16.6,4
2025-07-11,134,87,14380.88,107.32,1,0,15.8,5
2025-07-12,130,84,15340,118,0,0,18.9,6
2025-07-13,115,74,13942.6,121.24,0,0,16,0
2025-07-14,93,57,11209.29,120.53,0,0,18.3,1
2025-07-15,85,54,10073.35,118.51,0,0,15.5,2
2025-07-16,118,79,13112.16,111.12,1,0,17.2,3
2025-07-17,92,59,10977.44,119.32,0,0,16.8,4
2025-07-18,107,69,12444.1,116.3,0,0,18.4,5
2025-07-19,122,76,14544.84,119.22,0,0,19.3,6
2025-07-20,136,87,15838.56,116.46,0,0,17.4,0
2025-07-21,81,54,9702.18,119.78,0,0,14.7,1
2025-07-22,83,53,9975.77,120.19,0,0,21.4,2
2025-07-23,91,57,10881.78,119.58,0,0,19.5,3
2025-07-24,95,61,11358.2,119.56,0,0,20.5,4
2025-07-25,154,94,16302.44,105.86,1,0,17.2,5
2025-07-26,123,79,14570.58,118.46,0,0,20.9,6
2025-07-27,121,83,14153.37,116.97,0,0,20,0
2025-07-28,137,91,14430.21,105.33,1,0,20.8,1
2025-07-29,123,80,13261.86,107.82,1,0,21.1,2
2025-07-30,136,85,14032.48,103.18,1,0,17.6,3
2025-07-31,138,91,14884.68,107.86,1,0,19.2,4
2025-08-01,110,65,12408,112.8,0,0,17.5,5
2025-08-02,141,87,16416.63,116.43,0,0,19.7,6
2025-08-03,166,108,17662.4,106.4,1,0,21.4,0
2025-08-04,92,59,11093.36,120.58,0,0,22.8,1
2025-08-05,93,59,10593.63,113.91,0,0,16.6,2
2025-08-06,140,85,15173.2,108.38,1,0,17.3,3
2025-08-07,94,61,10820.34,115.11,0,0,22.1,4
2025-08-08,107,69,12661.31,118.33,0,0,21.3,5
2025-08-09,130,82,15073.5,115.95,0,0,20,6
2025-08-10,173,111,19353.51,111.87,1,0,15.6,0
2025-08-11,94,58,10931.26,116.29,0,0,23.1,1
2025-08-12,144,93,15762.24,109.46,1,0,17.8,2
2025-08-13,100,68,11904,119.04,0,0,21.2,3
2025-08-14,140,88,15652,111.8,1,0,20.2,4
2025-08-15,116,73,13964.08,120.38,0,0,25.3,5
2025-08-16,141,93,16577.37,117.57,0,0,22.9,6
2025-08-17,127,81,14845.03,116.89,0,0,19.6,0
2025-08-18,84,55,9903.6,117.9,0,0,23.5,1
2025-08-19,85,55,10086.95,118.67,0,0,19.3,2
2025-08-20,103,67,12230.22,118.74,0,0,23.5,3
2025-08-21,111,71,13153.5,118.5,0,0,24.5,4
2025-08-22,112,67,13461.28,120.19,0,0,17.4,5
2025-08-23,135,89,15635.7,115.82,0,0,21.6,6
2025-08-24,170,106,18111.8,106.54,1,0,21,0
2025-08-25,95,59,11318.3,119.14,0,0,22.4,1
2025-08-26,104,68,12007.84,115.46,0,0,24,2
2025-08-27,105,65,12015.15,114.43,0,0,23.9,3
2025-08-28,127,82,14678.66,115.58,0,0,26.1,4
2025-08-29,121,76,14026.32,115.92,0,0,20.5,5
2025-08-30,142,88,16121.26,113.53,0,0,23.4,6
2025-08-31,142,91,16143.98,113.69,0,0,23.8,0
2025-09-01,105,65,11904.9,113.38,0,0,20.8,1
2025-09-02,102,72,11951.34,117.17,0,0,23.3,2
2025-09-03,108,69,12348.72,114.34,0,0,26.4,3
2025-09-04,109,73,12295.2,112.8,0,0,22.6,4
2025-09-05,121,77,14505.48,119.88,0,0,24.6,5
2025-09-06,145,92,16986.75,117.15,0,0,28.1,6
2025-09-07,141,93,16291.14,115.54,0,0,21.5,0
2025-09-08,105,64,12165.3,115.86,0,0,26.2,1
2025-09-09,115,73,13456.15,117.01,0,0,25.4,2
2025-09-10,103,66,12219.92,118.64,0,0,26,3
2025-09-11,110,69,13337.5,121.25,0,0,29.3,4
2025-09-12,113,71,13668.48,120.96,0,0,23.5,5
2025-09-13,135,86,16020.45,118.67,0,0,27.3,6
2025-09-14,168,109,18663.12,111.09,1,0,26.8,0
2025-09-15,96,59,11587.2,120.7,0,0,26,1
2025-09-16,104,64,12659.92,121.73,0,0,27.4,2
2025-09-17,106,68,12885.36,121.56,0,0,26.3,3
2025-09-18,115,75,13943.75,121.25,0,0,24.6,4
2025-09-19,165,105,18475.05,111.97,1,0,26.2,5
2025-09-20,131,82,15835.28,120.88,0,0,27.7,6
2025-09-21,146,92,17549.2,120.2,0,0,28.3,0
2025-09-22,147,90,16049.46,109.18,1,0,28.1,1
2025-09-23,144,96,15811.2,109.8,1,0,28.7,2
2025-09-24,156,104,16704.48,107.08,1,0,26.1,3
2025-09-25,168,109,18429.6,109.7,1,0,25.4,4
2025-09-26,119,77,13976.55,117.45,0,0,25.5,5
2025-09-27,154,97,17887.1,116.15,0,0,25.9,6
2025-09-28,176,115,18738.72,106.47,1,0,30.5,0
2025-09-29,113,75,12945.28,114.56,0,0,28.7,1
2025-09-30,96,61,11275.2,117.45,0,0,22.1,2
2025-10-01,106,67,11993.9,113.15,0,0,24.3,3
2025-10-02,122,78,13929.96,114.18,0,0,25.5,4
2025-10-03,175,109,18865,107.8,1,0,29.9,5
2025-10-04,154,102,18027.24,117.06,0,0,28.7,6
2025-10-05,141,91,16602.75,117.75,0,0,28.5,0
2025-10-06,98,62,11541.46,117.77,0,0,26.6,1
2025-10-07,114,74,13372.2,117.3,0,0,31.2,2
2025-10-08,123,77,13929.75,113.25,0,0,25.9,3
2025-10-09,121,74,14244.12,117.72,0,0,29.6,4
2025-10-10,127,82,14664.69,115.47,0,0,26.8,5
2025-10-11,161,102,18923.94,117.54,0,0,30.2,6
2025-10-12,136,88,16764.72,123.27,0,0,32.6,0
2025-10-13,103,65,12512.44,121.48,0,0,31.5,1
2025-10-14,109,70,13481.12,123.68,0,0,28.1,2
2025-10-15,117,74,14117.22,120.66,0,0,29.3,3
2025-10-16,110,75,12978.9,117.99,0,0,35.7,4
2025-10-17,141,90,16908.72,119.92,0,0,26.2,5
2025-10-18,148,97,18032.32,121.84,0,0,28.4,6
2025-10-19,133,85,16470.72,123.84,0,0,29,0
2025-10-20,109,68,13150.85,120.65,0,0,28.4,1
2025-10-21,106,68,12913.98,121.83,0,0,26.4,2
2025-10-22,118,75,13965.3,118.35,0,0,30.2,3
2025-10-23,125,74,14472.5,115.78,0,0,28.5,4
2025-10-24,168,109,18454.8,109.85,1,0,30.3,5
2025-10-25,157,102,18552.69,118.17,0,0,28.6,6
2025-10-26,148,94,17339.68,117.16,0,0,29.8,0
2025-10-27,111,69,12967.02,116.82,0,0,30.4,1
2025-10-28,116,74,13524.44,116.59,0,0,27.2,2
2025-10-29,122,78,14204.46,116.43,0,0,27.6,3
2025-10-30,126,81,14942.34,118.59,0,0,29.1,4
2025-10-31,134,85,15176.84,113.26,0,0,30.8,5
2025-11-01,168,105,19224.24,114.43,0,0,33.9,6
2025-11-02,145,93,16617,114.6,0,0,29.9,0
2025-11-03,107,67,12505.09,116.87,0,0,31.9,1
2025-11-04,116,74,13561.56,116.91,0,0,32.9,2
2025-11-05,103,69,11980.96,116.32,0,0,26.7,3
2025-11-06,118,78,13828.42,117.19,0,0,28.4,4
2025-11-07,174,114,18543.18,106.57,1,0,33.2,5
2025-11-08,158,99,18337.48,116.06,0,0,29.4,6
2025-11-09,142,90,16690.68,117.54,0,0,29.5,0
2025-11-10,97,61,11743.79,121.07,0,0,29.7,1
2025-11-11,123,81,14860.86,120.82,0,0,27.1,2
2025-11-12,116,73,13784.28,118.83,0,0,27.9,3
2025-11-13,117,75,13997.88,119.64,0,0,32.9,4
2025-11-14,139,88,16891.28,121.52,0,0,30.7,5
2025-11-15,168,107,19785.36,117.77,0,0,27.3,6
2025-11-16,150,97,18336,122.24,0,0,28.2,0
2025-11-17,145,97,16021.05,110.49,1,0,35.9,1
2025-11-18,154,98,16311.68,105.92,1,0,25.9,2
2025-11-19,173,112,18957.34,109.58,1,0,27.6,3
2025-11-20,176,111,19138.24,108.74,1,0,27.7,4
2025-11-21,130,83,15550.6,119.62,0,0,27.3,5
2025-11-22,163,105,19502.95,119.65,0,0,32.3,6
2025-11-23,188,122,21326.72,113.44,1,0,27.5,0
2025-11-24,152,96,17017.92,111.96,1,0,32.3,1
2025-11-25,150,96,16329,108.86,1,0,30.2,2
2025-11-26,165,105,17353.05,105.17,1,0,29.6,3
2025-11-27,161,98,17474.94,108.54,1,0,29.7,4
2025-11-28,187,117,20038.92,107.16,1,0,27.7,5
2025-11-29,209,132,22220.88,106.32,1,0,27.6,6
2025-11-30,196,126,20425.16,104.21,1,0,29.9,0
2025-12-01,109,66,12157.86,111.54,0,0,35.3,1
2025-12-02,113,72,12843.58,113.66,0,0,30,2
2025-12-03,116,74,13656.68,117.73,0,0,27.1,3
2025-12-04,131,84,15202.55,116.05,0,0,29.5,4
2025-12-05,143,93,16759.6,117.2,0,0,27.6,5
2025-12-06,166,105,19362.24,116.64,0,0,31.9,6
2025-12-07,158,98,18315.36,115.92,0,0,30.1,0
2025-12-08,110,71,13024,118.4,0,0,31.3,1
2025-12-09,107,68,12775.8,119.4,0,0,32.2,2
2025-12-10,120,75,14088,117.4,0,0,30.7,3
2025-12-11,129,84,15250.38,118.22,0,0,30.1,4
2025-12-12,126,81,15583.68,123.68,0,0,28,5
2025-12-13,165,105,18937.05,114.77,0,0,28,6
2025-12-14,154,100,18099.62,117.53,0,0,32.3,0
2025-12-15,108,72,12898.44,119.43,0,0,34.1,1
2025-12-16,104,67,12356.24,118.81,0,0,31.5,2
2025-12-17,116,75,14070.8,121.3,0,0,28.6,3
2025-12-18,119,74,14119.35,118.65,0,0,27.7,4
2025-12-19,132,83,15925.8,120.65,0,0,28.2,5
2025-12-20,179,114,20934.05,116.95,0,1,29.9,6
2025-12-21,171,111,20313.09,118.79,0,1,29.5,0
2025-12-22,132,86,15742.32,119.26,0,1,29.2,1
2025-12-23,138,90,15991.44,115.88,0,1,29.2,2
2025-12-24,141,89,16370.1,116.1,0,1,27.3,3
2025-12-25,142,91,16649.5,117.25,0,1,28.1,4
2025-12-26,193,122,21368.96,110.72,1,1,23.9,5
2025-12-27,178,116,21260.32,119.44,0,1,26.6,6
2025-12-28,180,117,21137.4,117.43,0,1,28.6,0
2025-12-29,133,83,15986.6,120.2,0,1,26.9,1
2025-12-30,134,88,15468.96,115.44,0,1,29.9,2
2025-12-31,139,89,16135.12,116.08,0,1,24.9,3
2026-01-01,141,92,16625.31,117.91,0,1,25.9,4
2026-01-02,154,96,17768.52,115.38,0,1,26.6,5
2026-01-03,179,113,20688.82,115.58,0,1,28.8,6
2026-01-04,153,98,17948.43,117.31,0,0,23.5,0
2026-01-05,107,69,12645.26,118.18,0,0,26.3,1
2026-01-06,99,63,11650.32,117.68,0,0,30.5,2
2026-01-07,103,65,12118.98,117.66,0,0,21.4,3
2026-01-08,122,79,14457,118.5,0,0,23.9,4
2026-01-09,147,95,17150.49,116.67,0,0,25.9,5
2026-01-10,195,122,21485.1,110.18,1,0,24.5,6
2026-01-11,188,123,21181.96,112.67,1,0,25.4,0
2026-01-12,144,90,15547.68,107.97,1,0,28.1,1
2026-01-13,145,91,15934.05,109.89,1,0,25.9,2
2026-01-14,152,95,16902.4,111.2,1,0,27.2,3
2026-01-15,160,102,17686.4,110.54,1,0,26.5,4
2026-01-16,126,77,15510.6,123.1,0,0,25.3,5
2026-01-17,148,96,18019,121.75,0,0,28.9,6
2026-01-18,153,97,18442.62,120.54,0,0,25.1,0
2026-01-19,105,67,12358.5,117.7,0,0,28,1
2026-01-20,112,71,13295.52,118.71,0,0,27.3,2
2026-01-21,115,74,14050.7,122.18,0,0,25,3
2026-01-22,164,107,18021.96,109.89,1,0,22.4,4
2026-01-23,118,74,14001.88,118.66,0,0,25.1,5
2026-01-24,151,96,18240.8,120.8,0,0,21.4,6
2026-01-25,132,85,15890.16,120.38,0,0,24.6,0
2026-01-26,102,64,11943.18,117.09,0,0,22.3,1
2026-01-27,109,71,12648.36,116.04,0,0,22.8,2
2026-01-28,122,79,14069.04,115.32,0,0,24.1,3
2026-01-29,121,78,13924.68,115.08,0,0,26,4
2026-01-30,125,84,14097.5,112.78,0,0,29.5,5
2026-01-31,141,88,16203.72,114.92,0,0,25.5,6
2026-02-01,133,86,15636.81,117.57,0,0,24.9,0
2026-02-02,101,62,12031.12,119.12,0,0,22.6,1
2026-02-03,105,70,11980.5,114.1,0,0,25.3,2
2026-02-04,111,71,12972.57,116.87,0,0,24.5,3
2026-02-05,114,69,13063.26,114.59,0,0,21.4,4
2026-02-06,156,103,17191.2,110.2,1,0,26.2,5
2026-02-07,141,89,16512.51,117.11,0,0,26,6
2026-02-08,139,90,16221.3,116.7,0,0,25.5,0
2026-02-09,99,64,11651.31,117.69,0,0,24.2,1
2026-02-10,102,69,12201.24,119.62,0,0,24.9,2
2026-02-11,105,68,12353.25,117.65,0,0,23.7,3
2026-02-12,113,75,13365.64,118.28,0,0,27.2,4
2026-02-13,128,80,15525.12,121.29,0,0,25.3,5
2026-02-14,143,90,17374.5,121.5,0,0,20.1,6
2026-02-15,135,89,16036.65,118.79,0,0,18,0
2026-02-16,143,94,16356.34,114.38,1,0,24.1,1
2026-02-17,89,58,10955.01,123.09,0,0,20.8,2
2026-02-18,107,70,13078.61,122.23,0,0,21.7,3
2026-02-19,111,70,13544.22,122.02,0,0,21.2,4
2026-02-20,118,78,14137.58,119.81,0,0,25,5
2026-02-21,188,121,20371.68,108.36,1,0,21.9,6
2026-02-22,139,87,16616.06,119.54,0,0,21,0
2026-02-23,139,92,15651.4,112.6,1,0,21.9,1
2026-02-24,95,61,11376.25,119.75,0,0,17.3,2
2026-02-25,104,68,12300.08,118.27,0,0,21,3
2026-02-26,112,70,13116.32,117.11,0,0,19.9,4
2026-02-27,119,77,13692.14,115.06,0,0,19.1,5
2026-02-28,143,90,16839.68,117.76,0,0,21.8,6
2026-03-01,133,82,15873.55,119.35,0,0,18.4,0
2026-03-02,99,64,11082.06,111.94,0,0,21.2,1
2026-03-03,101,61,11659.44,115.44,0,0,23.4,2
2026-03-04,105,65,12258.75,116.75,0,0,20.6,3
2026-03-05,105,69,12425.7,118.34,0,0,17.6,4
2026-03-06,115,75,13321.6,115.84,0,0,17.2,5
2026-03-07,136,88,15811.36,116.26,0,0,17.8,6
2026-03-08,132,85,15147,114.75,0,0,19.9,0
2026-03-09,126,82,13301.82,105.57,1,0,18.9,1
2026-03-10,138,90,14738.4,106.8,1,0,18.1,2
2026-03-11,141,88,15081.36,106.96,1,0,18.6,3
2026-03-12,150,95,16446,109.64,1,0,17.1,4
2026-03-13,125,82,14635,117.08,0,0,19.9,5
2026-03-14,140,86,16893.8,120.67,0,0,20.8,6
2026-03-15,166,107,18177,109.5,1,0,16.7,0
2026-03-16,91,58,11078.34,121.74,0,0,18.7,1
2026-03-17,104,67,12631.84,121.46,0,0,13.7,2
2026-03-18,95,59,11579.55,121.89,0,0,20.8,3
2026-03-19,113,72,13630.06,120.62,0,0,22.5,4
2026-03-20,109,71,13215.16,121.24,0,0,16.6,5
2026-03-21,135,89,16162.2,119.72,0,0,17.7,6
2026-03-22,163,108,18309.79,112.33,1,0,19.2,0
2026-03-23,84,53,10138.8,120.7,0,0,19.7,1
2026-03-24,102,66,11985,117.5,0,0,15.5,2
2026-03-25,99,63,12136.41,122.59,0,0,16.3,3
2026-03-26,97,62,11337.36,116.88,0,0,15.8,4
2026-03-27,118,74,14049.08,119.06,0,0,15.6,5
2026-03-28,127,83,15060.93,118.59,0,0,17.1,6
2026-03-29,123,82,14800.59,120.33,0,0,20,0
2026-03-30,86,57,9946.76,115.66,0,0,16.4,1
2026-03-31,88,56,10244.08,116.41,0,0,16.8,2
2026-04-01,100,64,11678,116.78,0,0,16,3
2026-04-02,105,67,12349.05,117.61,0,0,17.8,4
2026-04-03,148,97,15600.68,105.41,1,0,16.3,5
2026-04-04,132,81,15149.64,114.77,0,0,17.7,6
2026-04-05,126,83,14810.04,117.54,0,0,14.3,0
2026-04-06,80,52,9272.8,115.91,0,0,14.3,1
2026-04-07,114,73,13581.96,119.14,0,1,11.1,2
2026-04-08,127,83,14994.89,118.07,0,1,17.2,3
2026-04-09,124,77,14326.96,115.54,0,1,17.6,4
2026-04-10,126,80,14770.98,117.23,0,1,17.1,5
2026-04-11,134,89,15438.14,115.21,0,0,18.4,6
2026-04-12,117,73,13336.83,113.99,0,0,15.6,0
2026-04-13,86,56,10394.82,120.87,0,0,17.3,1
2026-04-14,90,55,10467.9,116.31,0,0,17,2
2026-04-15,89,55,10429.91,117.19,0,0,15.2,3
2026-04-16,95,62,11615.65,122.27,0,0,14,4
2026-04-17,102,63,12121.68,118.84,0,0,16.5,5
2026-04-18,120,77,14400,120,0,0,17.7,6
2026-04-19,104,68,12986.48,124.87,0,0,12.4,0
2026-04-20,79,51,9433.39,119.41,0,0,13.2,1
2026-04-21,93,61,11065.14,118.98,0,0,12.1,2
2026-04-22,101,64,12017.99,118.99,0,0,16.6,3
2026-04-23,100,62,11831,118.31,0,0,12.9,4
2026-04-24,104,68,12442.56,119.64,0,0,13.3,5
2026-04-25,120,75,14560.8,121.34,0,0,12.2,6
2026-04-26,114,74,13467.96,118.14,0,0,12.6,0
2026-04-27,98,62,11741.38,119.81,0,0,14.3,1
2026-04-28,93,62,10641.06,114.42,0,0,16.2,2
2026-04-29,95,59,11373.4,119.72,0,0,13.9,3
2026-04-30,135,86,14700.15,108.89,1,0,11.6,4
2026-05-01,110,67,12686.3,115.33,0,0,16.4,5
2026-05-02,175,112,18439.75,105.37,1,0,14.1,6
2026-05-03,119,75,14031.29,117.91,0,0,13.5,0
2026-05-04,130,87,14093.3,108.41,1,0,13.8,1
2026-05-05,122,78,13506.62,110.71,1,0,9.3,2
2026-05-06,131,82,14138.83,107.93,1,0,11.3,3
2026-05-07,137,92,14379.52,104.96,1,0,16.3,4
2026-05-08,107,70,12497.6,116.8,0,0,13.9,5
2026-05-09,125,80,14873.75,118.99,0,0,10.9,6
2026-05-10,111,70,13120.2,118.2,0,0,15,0
2026-05-11,126,81,13518.54,107.29,1,0,12.4,1
2026-05-12,92,58,10838.52,117.81,0,0,15.9,2
2026-05-13,90,55,10689.3,118.77,0,0,15.4,3
2026-05-14,93,59,10879.14,116.98,0,0,16.1,4
2026-05-15,113,72,13078.62,115.74,0,0,15.7,5
2026-05-16,126,81,15278.76,121.26,0,0,8.8,6
2026-05-17,117,74,14092.65,120.45,0,0,15.7,0
2026-05-18,88,55,10743.04,122.08,0,0,12.9,1
2026-05-19,83,53,9978.26,120.22,0,0,13.7,2
2026-05-20,93,61,11186.04,120.28,0,0,13.6,3
2026-05-21,94,63,11200.1,119.15,0,0,10.8,4
2026-05-22,103,71,12264.21,119.07,0,0,10.5,5
2026-05-23,130,83,15429.7,118.69,0,0,14.3,6
2026-05-24,120,79,14364,119.7,0,0,12.9,0
2026-05-25,82,50,10185.22,124.21,0,0,16.2,1
2026-05-26,85,53,10080.15,118.59,0,0,14.8,2
2026-05-27,86,57,10286.46,119.61,0,0,15.2,3
2026-05-28,104,67,12208.56,117.39,0,0,13.4,4
2026-05-29,107,67,12711.6,118.8,0,0,13.9,5
2026-05-30,128,83,14878.72,116.24,0,0,14.8,6
2026-05-31,122,78,14680.26,120.33,0,0,13.3,0
2026-06-01,93,62,10855.89,116.73,0,0,16.5,1
2026-06-02,95,59,11015.25,115.95,0,0,13.6,2
2026-06-03,97,63,11279.16,116.28,0,0,11.2,3
2026-06-04,101,67,11490.77,113.77,0,0,15.6,4
2026-06-05,113,71,12730.58,112.66,0,0,15.1,5
2026-06-06,130,82,15249,117.3,0,0,17.2,6
2026-06-07,122,80,13961.68,114.44,0,0,12.9,0
2026-06-08,94,62,10856.06,115.49,0,0,13.9,1
2026-06-09,102,69,11739.18,115.09,0,0,14.9,2
2026-06-10,91,59,10713.43,117.73,0,0,15.3,3
2026-06-11,98,62,11436.6,116.7,0,0,13.8,4
2026-06-12,116,77,13613.76,117.36,0,0,16.7,5
2026-06-13,129,80,14862.09,115.21,0,0,15.7,6
2026-06-14,108,70,13131.72,121.59,0,0,15.7,0
2026-06-15,96,65,11370.24,118.44,0,0,14,1
2026-06-16,88,58,10640.08,120.91,0,0,11.6,2
2026-06-17,93,59,10962.84,117.88,0,0,14.3,3
2026-06-18,99,61,12130.47,122.53,0,0,14.5,4
2026-06-19,145,97,16299.45,112.41,1,0,15,5
2026-06-20,131,86,15688.56,119.76,0,0,14.6,6
2026-06-21,158,99,17895.08,113.26,1,0,16.2,0
2026-06-22,120,79,13590,113.25,1,0,15.5,1
2026-06-23,96,60,11372.16,118.46,0,0,14.3,2
2026-06-24,86,55,10430.08,121.28,0,0,15.2,3
2026-06-25,90,57,10838.7,120.43,0,0,15.3,4
2026-06-26,119,77,14315.7,120.3,0,0,18.7,5
2026-06-27,122,78,14681.48,120.34,0,0,13.4,6
2026-06-28,122,80,14522.88,119.04,0,0,13.5,0
2026-06-29,133,85,14430.5,108.5,1,0,13.9,1
2026-06-30,135,87,14847.3,109.98,1,0,14,2
